{
  "component_weighted_means": {
    "0": 9.473903143468003e-19
  },
  "n_areas": 3,
  "n_train_nonzero_areas": 3,
  "n_train_total": 7500,
  "rho_hat": 0.4999465676263973,
  "tau_hat": 1.0025683212493237,
  "u_max": 0.005950094524650606,
  "u_mean": -0.006091725313971288,
  "u_min": -0.022531957484507596,
  "u_quantiles": {
    "0.01": -0.022115184594458583,
    "0.05": -0.020448093034262524,
    "0.25": -0.012112635233282234,
    "0.5": -0.0016933129820568748,
    "0.75": 0.0021283907712968658,
    "0.95": 0.005185753773979857,
    "0.99": 0.005797226374516457
  },
  "u_sd": 0.014741653399271425
}