{
  "auc_t1825": 0.8030568984776214,
  "auc_t365": 0.6930598388883276,
  "auc_t730": 0.7491469209127146,
  "brier_t1825": 0.03526349928927147,
  "brier_t365": 0.18769517860020868,
  "brier_t730": 0.10484669283822808,
  "c_index": 0.6248775925814166,
  "cal_int_t1825": -0.19480694088906478,
  "cal_int_t365": 0.13559598713630083,
  "cal_int_t730": 0.07872614210473883,
  "cal_slope_t1825": 1.0490953249120496,
  "cal_slope_t365": 0.8318688833988758,
  "cal_slope_t730": 1.0515130868758245,
  "cox_snell_mean": 0.6790263660572811,
  "cox_snell_var": 0.4774834378969157,
  "leroux_rho_hat": 0.4999465676263973,
  "leroux_tau_hat": 1.0025683212493237,
  "morans_I_u": -0.5004412751248419,
  "morans_I_u_z": NaN
}