{
  "aic": 33310.74307777788,
  "baseline_col_names": [
    "log_nu[0]",
    "log_nu[1]",
    "log_nu[2]",
    "log_nu[3]",
    "log_nu[4]",
    "log_nu[5]"
  ],
  "breaks": [
    0.0,
    30.0,
    90.0,
    180.0,
    365.0,
    730.0,
    1825.0
  ],
  "converged": true,
  "cov": [
    [
      0.014736342361931951,
      0.013597937019159123,
      0.013529426153984022,
      0.013403655366401158,
      0.013248287539659617,
      0.012921069157120506,
      2.0237134463817355e-05,
      -0.00016006334174633607,
      -0.003423151653166534,
      -1.2450699094794174e-05,
      -0.0004065647706738172,
      -0.0009877906991006638,
      -0.001180893062478338,
      -0.0011873081579454985
    ],
    [
      0.013597937019159123,
      0.014317661700600327,
      0.013484834066379837,
      0.013364500807815564,
      0.01321527591758307,
      0.01289552062284783,
      2.0724592468397066e-05,
      -0.00015933619969217728,
      -0.003418627125863473,
      -1.7390476496727025e-05,
      -0.0003987561839097186,
      -0.0009821162932121112,
      -0.0011555209628486883,
      -0.0010932002808950111
    ],
    [
      0.013529426153984022,
      0.013484834066379837,
      0.014324468712203607,
      0.013319844566298833,
      0.013179626502022378,
      0.012870597522344604,
      2.1533566459351568e-05,
      -0.00016192714106349503,
      -0.0034151864080255853,
      -2.2067247189707035e-05,
      -0.00038701107169043965,
      -0.0009712712375433903,
      -0.0011104918430513565,
      -0.0009599566407311357
    ],
    [
      0.013403655366401158,
      0.013364500807815564,
      0.013319844566298833,
      0.014192488807715606,
      0.01308440720987757,
      0.012789122774840385,
      2.7136355743461977e-05,
      -0.00016163923027393527,
      -0.0033993228273570277,
      -2.704495877750248e-05,
      -0.00037860467575832765,
      -0.0009418341013219396,
      -0.001036832367769533,
      -0.0008420194162943131
    ],
    [
      0.013248287539659617,
      0.01321527591758307,
      0.013179626502022378,
      0.01308440720987757,
      0.014861339576033522,
      0.012692082262701075,
      2.5088421970675054e-05,
      -0.0001571471518437762,
      -0.0033843239528247616,
      -3.122173680410846e-05,
      -0.00036383682082887083,
      -0.0009000554080855138,
      -0.0009172322123016804,
      -0.0007046748187646192
    ],
    [
      0.012921069157120506,
      0.01289552062284783,
      0.012870597522344604,
      0.012789122774840385,
      0.012692082262701075,
      0.01634458419819093,
      2.1939999335990947e-05,
      -0.00013961689677877454,
      -0.00334819649449508,
      -5.51346010982402e-05,
      -0.00034106052632687105,
      -0.0007641307276643433,
      -0.0007031203385499774,
      -0.0005032128815049616
    ],
    [
      2.0237134463817355e-05,
      2.0724592468397066e-05,
      2.1533566459351568e-05,
      2.7136355743461977e-05,
      2.5088421970675054e-05,
      2.1939999335990947e-05,
      0.00024253874891735414,
      -7.1957990831534645e-06,
      -4.464072937220371e-06,
      9.761367335957314e-08,
      6.137846271683695e-07,
      1.05713463227401e-06,
      6.096903401084749e-06,
      1.4774831536565597e-05
    ],
    [
      -0.00016006334174633607,
      -0.00015933619969217728,
      -0.00016192714106349503,
      -0.00016163923027393527,
      -0.0001571471518437762,
      -0.00013961689677877454,
      -7.1957990831534645e-06,
      0.00016254472026723486,
      -9.868168515898673e-06,
      1.41714589332178e-06,
      -2.8377737423913563e-06,
      8.641396921524097e-06,
      9.779662439251248e-07,
      -2.069684277143672e-05
    ],
    [
      -0.003423151653166534,
      -0.003418627125863473,
      -0.0034151864080255853,
      -0.0033993228273570277,
      -0.0033843239528247616,
      -0.00334819649449508,
      -4.464072937220371e-06,
      -9.868168515898673e-06,
      0.000960751522715532,
      9.498106904437064e-06,
      -5.352259522942575e-06,
      -1.654542803070305e-05,
      1.3583574495212865e-05,
      -2.0006332276447247e-05
    ],
    [
      -1.2450699094794174e-05,
      -1.7390476496727025e-05,
      -2.2067247189707035e-05,
      -2.704495877750248e-05,
      -3.122173680410846e-05,
      -5.51346010982402e-05,
      9.761367335957314e-08,
      1.41714589332178e-06,
      9.498106904437064e-06,
      0.00019587261481870545,
      -2.925601508874669e-06,
      -3.5615960574087454e-06,
      -9.30630201517352e-06,
      -7.710209240327539e-06
    ],
    [
      -0.0004065647706738172,
      -0.0003987561839097186,
      -0.00038701107169043965,
      -0.00037860467575832765,
      -0.00036383682082887083,
      -0.00034106052632687105,
      6.137846271683695e-07,
      -2.8377737423913563e-06,
      -5.352259522942575e-06,
      -2.925601508874669e-06,
      0.0007786192551768482,
      2.5355113019511004e-05,
      3.060241442526167e-05,
      3.925834313514691e-05
    ],
    [
      -0.0009877906991006638,
      -0.0009821162932121112,
      -0.0009712712375433903,
      -0.0009418341013219396,
      -0.0009000554080855138,
      -0.0007641307276643433,
      1.05713463227401e-06,
      8.641396921524097e-06,
      -1.654542803070305e-05,
      -3.5615960574087454e-06,
      2.5355113019511004e-05,
      0.0015658143914245907,
      0.0009981819743901546,
      0.0010095995859731586
    ],
    [
      -0.001180893062478338,
      -0.0011555209628486883,
      -0.0011104918430513565,
      -0.001036832367769533,
      -0.0009172322123016804,
      -0.0007031203385499774,
      6.096903401084749e-06,
      9.779662439251248e-07,
      1.3583574495212865e-05,
      -9.30630201517352e-06,
      3.060241442526167e-05,
      0.0009981819743901546,
      0.0016514723185089401,
      0.0010673868173897566
    ],
    [
      -0.0011873081579454985,
      -0.0010932002808950111,
      -0.0009599566407311357,
      -0.0008420194162943131,
      -0.0007046748187646192,
      -0.0005032128815049616,
      1.4774831536565597e-05,
      -2.069684277143672e-05,
      -2.0006332276447247e-05,
      -7.710209240327539e-06,
      3.925834313514691e-05,
      0.0010095995859731586,
      0.0010673868173897566,
      0.002419542839725122
    ]
  ],
  "deviance": 22982.74307777787,
  "encoding": {
    "categorical_levels_seen": {
      "sex": [
        "F",
        "M"
      ],
      "stage": [
        "I",
        "II",
        "III",
        "IV"
      ]
    },
    "categorical_reference_levels": {
      "sex": "F",
      "stage": "I"
    },
    "x_categorical": [
      "sex",
      "stage"
    ],
    "x_expanded_cols": [
      "age_per10_centered",
      "cci",
      "tumor_size_log",
      "ses",
      "sexM",
      "stageII",
      "stageIII",
      "stageIV"
    ],
    "x_numeric": [
      "age_per10_centered",
      "cci",
      "tumor_size_log",
      "ses"
    ]
  },
  "fit_backend": "map_leroux",
  "interval_convention": "[a,b)",
  "llf": -16641.37153888894,
  "n_train_long_rows": 22801,
  "n_train_subjects": 7500,
  "nu": [
    0.0011776434428694919,
    0.0011404813203315552,
    0.0010604228508227628,
    0.0009331116184898115,
    0.0006972699316926213,
    0.0005466883633296329
  ],
  "param_names": [
    "log_nu[0]",
    "log_nu[1]",
    "log_nu[2]",
    "log_nu[3]",
    "log_nu[4]",
    "log_nu[5]",
    "age_per10_centered",
    "cci",
    "tumor_size_log",
    "ses",
    "sexM",
    "stageII",
    "stageIII",
    "stageIV"
  ],